{
  "pages": {
    "index.tmpl.html": "index.html",
    "maps.tmpl.html": "maps/index.html"
  },
  "pageOut": "index.html",
  "pageTmpl": "index.tmpl.html",
  "packagesIgnore": [
    "**/node_modules/**",
    "diz",
    "js",
    "portfolio",
    "stefano-cudini"
  ],
  "packages": {
    "ultra-light-gallery": {
	  "path": "http://easyblog.it/photos/demo/",
      "keywords": ["ajax","jquery","css3"],
      "rank": 3
    },
    "bootstrap-confirm-button": {
      "keywords": ["bootstrap","jquery","css3"],
      "rank": 2
    },
    "bootstrap-list-filter": {
      "keywords": ["bootstrap","jquery","css3"],
      "rank": 2
    },
    "crop-avatar": {
      "keywords": ["jquery","jquery-ui","ajax","mysql","php"],
      "rank": 1
    },
    "demo": {
      "keywords": ["jquery","ajax","php","html5"],
      "rank": 3
    },
    "dirgraph": {
      "keywords": ["jquery","json","php"],
      "rank": 1
    },
    "diz": {
      "keywords": ["jquery","sqlite","mysql","php","postgresql","ajax","pdo"],
      "rank": 1
    },
    "dns-320-command-line": {
      "keywords": ["php","bash"],
      "rank": 1
    },
    "download-limiter-php": {
      "keywords": ["php","jquery","server"],
      "rank": 2
    },
    "googletrace": {
      "keywords": ["map","jquery","ajax","geojson","openlayers"],
      "rank": 1
    },
    "network-tracking-system": {
      "keywords": ["map","gis","jquery-ui","postgis","ajax","openlayers","gps","server"],
      "rank": 3
    },
    "gpx-simplify-optimizer": {
      "keywords": ["map","gis","leaflet","html5","bootstrap"],
      "rank": 3
    },
    "gpsdata-server": {
      "keywords": ["gps","nodejs","bash","server","websocket","debian","mysql"],
      "rank": 3
    },
    "jsautocompiler": {
      "keywords": ["php","javascript","server"],
      "rank": 2
    },
    "json-indent-beautifier": {
      "keywords": ["json","javascript","php","ajax"],
      "rank": 1
    },
    "jquery-filterbox": {
      "keywords": ["jquery","css3"],
      "rank": 2
    },
    "jquery-jsonbuilder": {
      "keywords": ["jquery","json"],
      "rank": 1
    },
    "labs": {
      "keywords": ["jquery","php","html5","bash","mercurial"],
      "rank": 2
    },
    "leaflet-layerjson": {
      "keywords": ["map","leaflet","json","ajax","css3","jsonp"],
      "rank": 3
    },
    "leaflet-boilerplate": {
      "keywords": ["leaflet","html5","css3","bootstrap"],
      "rank": 2
    },
    "leaflet-compass": {
      "keywords": ["map","leaflet","html5","css3"],
      "rank": 3
    },
    "leaflet-list-markers": {
      "keywords": ["map","leaflet","json","css3"],
      "rank": 1
    },
    "leaflet-loader": {
      "keywords": ["map","leaflet","json","css3"],
      "rank": 1
    },
    "leaflet-panel-layers": {
      "keywords": ["map","leaflet","json","css3"],
      "rank": 3
    },
    "leaflet-search": {
		"name":	"Leaflet Control Search",
      "keywords": ["map","leaflet","json","ajax","css3","jsonp"],
      "rank": 3
    },
    "leaflet-gps": {
      "keywords": ["map","gps","leaflet","json","ajax","css3","jsonp","html5"],
      "rank": 3
    },
    "lesscss": {
      "keywords": ["javascript","ajax","css3","lesscss"],
      "rank": 1
    },
    "mega-python-commandline-tools": {
      "keywords": ["python","bash"],
      "rank": 1
    },
    "mixtags.com": {
      "path": "http://mixtags.com/", 
	  "description": "Advanced service of bookmarking with folksonomy",
	  "keywords": ["jquery","css3","php","gruntjs","json","mysql","html5"],
      "rank": 3
    },
    "mwm": {
      "keywords": ["jquery","monitoring","bash","debian","gruntjs","php"],
      "rank": 2
    },
    "orthogonalize-js": {
      "keywords": ["maps","javascript","leaflet"],
      "rank": 1
    },
    "osm-contributors-by-area": {
      "keywords": ["jquery","osm","leaflet","bootstrap"],
      "rank": 1
    },
    "php-interactive-doc/": {
      "keywords": ["jquery","ajax","php","mysql","sqlite"],
      "rank": 1
    },
    "python-geotiff-picker": {
      "keywords": ["python","gis","json","map"],
      "rank": 2
    },
    "qr-code-generator": {
      "keywords": ["php","jquery","ajax"],
      "rank": 1
    },
    "randomcolor": {
      "keywords": ["html5","jquery"],
      "rank": 1
    },
    "realtime-access-map": {
      "keywords": ["map","monitoring","openlayers","geoip","apache","geojson","ajax"],
      "rank": 1
    },
    "realtime-access-tracking": {
      "keywords": ["nodejs","php","python","websocket","bash"],
      "rank": 2
    },
    "routeservice": {
      "keywords": ["map","openlayers","php","geojson","jsonp"],
      "rank": 2
    },
    "scacchi": {
      "keywords": ["jquery","websocket","php"],
      "rank": 1
    },
    "share-tracks": {
      "keywords": ["leaflet","map","gpx"],
      "rank": 1
    },
    "share-location": {
      "keywords": ["leaflet","map","gpx","gps"],
      "rank": 1
    },
    "leaflet-location-picker": {
      "keywords": ["leaflet","map","gpx","gps"],
      "rank": 2
    }
  }
}
